{
  "cam_x": -452.57080898723154,
  "cam_y": -77.56702270307659,
  "cam_zoom": 0.3562069425160365
}