{
  "cam_x": 1329.8600000000001,
  "cam_y": 3556.0190000000002,
  "cam_zoom": 10.0
}